company_id,establishment_date,last_financial_report_date,monthly_income,monthly_expense,total_liabilities,total_assets,industry_type,risk_level
E0001,2019-11-27,2023-09-30,844463.7,487887.39,8799285.65,16189403.32,建筑业,0
E0002,2020-10-25,2023-09-30,1278873.34,303964.42,11713410.94,18419160.49,制造业,1
E0003,2002-05-10,2023-09-30,1230933.63,583738.34,9938802.19,29667512.2,金融,0
E0004,2014-10-04,2023-09-30,761322.16,418540.68,17576445.06,25953906.94,建筑业,1
E0005,2014-04-23,2023-09-30,1387639.89,378201.76,9460277.28,27791813.02,建筑业,0
E0006,2014-03-19,2023-09-30,1505015.58,606040.91,7169146.94,29375596.95,建筑业,0
E0007,2010-04-30,2023-09-30,1854675.85,358146.32,9446442.29,31136414.84,零售业,0
E0008,2008-06-19,2023-09-30,1833103.19,289949.37,11659700.06,37651371.41,建筑业,0
E0009,2015-09-13,2023-09-30,693101.86,277343.27,9105871.97,28457646.8,金融,0
E0010,2017-02-25,2023-09-30,826429.58,530620.83,9068304.28,21932869.02,制造业,0
E0011,2001-04-11,2023-09-30,1477724.71,301302.85,6255703.44,31611435.01,零售业,0
E0012,2014-08-09,2023-09-30,1476986.44,748958.05,6379176.31,51647521.91,科技,0
E0013,2012-02-13,2023-09-30,1477732.05,236906.58,4406967.48,22906848.88,制造业,0
E0014,2015-04-10,2023-09-30,5615788.68,735964.31,21312160.25,26574592.3,科技,1
E0015,2017-01-22,2023-09-30,1511111.76,471325.98,4771009.05,37611945.89,科技,0
E0016,2009-06-06,2023-09-30,1894046.79,429761.66,6284189.29,23019391.66,制造业,0
E0017,2008-09-06,2023-09-30,1761366.89,375691.75,6204568.09,10129192.73,科技,1
E0018,2007-12-29,2023-09-30,1560561.89,498690.45,13900872.81,33901461.07,金融,0
E0019,2021-06-10,2023-09-30,1060119.61,437446.46,7667683.91,19498902.22,零售业,0
E0020,2000-05-10,2023-09-30,1629180.5,615992.81,16582708.21,23295870.87,制造业,1
E0021,2004-08-12,2023-09-30,882814.09,457836.9,6345488.77,27585260.06,制造业,0
E0022,2020-06-20,2023-09-30,1093913.9,462818.63,10216320.83,26067499.64,零售业,0
E0023,2002-02-08,2023-09-30,990390.49,396692.36,5852189.8,32081199.36,建筑业,0
E0024,2006-07-19,2023-09-30,1242641.18,434919.53,25973168.02,32167801.623999998,制造业,1
E0025,2015-05-13,2023-09-30,3035429.31,485211.68,4907134.82,29657995.78,科技,0
E0026,2020-10-03,2023-09-30,569830.33,264858.1,10375007.58,21773002.2,制造业,0
E0027,2019-01-10,2023-09-30,1582480.45,295240.15,12199291.58,32460164.65,零售业,0
E0028,2006-08-30,2023-09-30,630906.94,552925.87,10928663.22,30896300.0,金融,0
E0029,2014-07-17,2023-09-30,995725.86,465682.63,8099850.56,16615133.91,科技,0
E0030,2013-10-30,2023-09-30,1859057.58,418656.06,8327631.58,37295858.51,制造业,0
E0031,2017-07-30,2023-09-30,1233926.61,444866.8,9082915.02,19493948.11,零售业,0
E0032,2003-03-30,2023-09-30,781446.59,491036.88,8256398.22,33371844.36,制造业,0
E0033,2012-06-21,2023-09-30,903361.89,376273.7,14388496.03,27977604.96,零售业,0
E0034,2009-04-08,2023-09-30,1578268.79,350287.17,26836179.08,50388496.89,科技,0
E0035,2011-04-10,2023-09-30,897935.35,469185.54,6724405.7,22089514.72,制造业,0
E0036,2017-07-06,2023-09-30,1311370.64,329881.3,4479842.78,21005046.61,制造业,0
E0037,2013-04-05,2023-09-30,1224727.26,500056.23,8502399.5,23968047.75,零售业,0
E0038,2007-12-14,2023-09-30,926676.55,265461.45,32276651.69,39731982.028,建筑业,1
E0039,2021-02-27,2023-09-30,2835071.27,602442.01,5945604.21,33263683.05,建筑业,0
E0040,2001-04-19,2023-09-30,1549693.32,509802.79,20167004.83,25200405.795999996,制造业,1
E0041,2002-12-18,2023-09-30,534957.7,477733.78,20559843.92,25671812.704,金融,1
E0042,2007-01-02,2023-09-30,1295726.02,594102.59,6737543.02,15758316.75,零售业,0
E0043,2021-06-28,2023-09-30,922908.54,729155.53,11810405.7,35325761.27,零售业,0
E0044,2005-08-09,2023-09-30,1691241.33,599775.69,20059197.04,47881767.3,金融,0
E0045,2020-12-04,2023-09-30,875886.42,254673.53,7351655.84,23166557.57,建筑业,0
E0046,2007-07-10,2023-09-30,1148658.64,301379.91,8026104.26,22577656.18,建筑业,0
E0047,2002-09-02,2023-09-30,1471797.37,366793.55,6643566.78,24841367.48,科技,0
E0048,2004-12-11,2023-09-30,1700277.58,445889.89,5350077.66,38445465.75,零售业,0
E0049,2000-07-08,2023-09-30,744063.33,516741.33,6422777.58,16668958.02,金融,0
E0050,2019-06-11,2023-09-30,1051995.62,355854.37,4818772.89,26571442.14,制造业,0
E0051,2007-06-27,2023-09-30,994526.35,467909.43,9038842.97,35679221.69,科技,0
E0052,2008-03-24,2023-09-30,926035.92,352704.23,6046640.49,29515841.23,零售业,0
E0053,2012-10-02,2023-09-30,2436764.51,368260.06,9987980.28,26057928.75,科技,0
E0054,2005-03-14,2023-09-30,1414084.22,290106.01,4081814.5,36050036.6,制造业,0
E0055,2021-03-05,2023-09-30,726247.7,335383.53,10484831.13,13581797.356,制造业,1
E0056,2003-06-21,2023-09-30,1736087.85,294930.38,13480631.11,31678542.85,建筑业,0
E0057,2019-02-05,2023-09-30,2810470.54,330128.76,3279272.57,18594375.99,制造业,0
E0058,2004-03-08,2023-09-30,1817524.75,606883.75,10713640.33,13856368.396,零售业,1
E0059,2008-10-07,2023-09-30,654909.29,332761.18,16417107.61,29635426.35,制造业,0
E0060,2009-09-26,2023-09-30,990838.04,974533.93,4853348.76,41844185.9,制造业,0
E0061,2010-08-26,2023-09-30,1996217.02,512981.66,20507191.62,25608629.944000002,制造业,1
E0062,2001-10-08,2023-09-30,906124.7,467638.5,10957223.8,35362051.76,制造业,0
E0063,2016-11-16,2023-09-30,1436223.66,341974.92,6246263.93,46034943.31,金融,0
E0064,2007-11-28,2023-09-30,1639420.89,545846.44,8641748.23,40872408.37,制造业,0
E0065,2017-04-11,2023-09-30,830038.87,372245.42,11747646.21,46547591.1,建筑业,0
E0066,2014-10-07,2023-09-30,1174308.31,458907.04,9230305.42,32503261.51,科技,0
E0067,2006-09-01,2023-09-30,328894.75,953624.59,11633250.71,24894898.37,零售业,1
E0068,2001-08-23,2023-09-30,798304.15,429845.89,5607767.25,12726712.33,科技,0
E0069,2006-06-21,2023-09-30,1087044.1,624547.08,9671368.83,21890755.99,零售业,0
E0070,2005-08-23,2023-09-30,730063.45,358271.76,4382556.34,17239285.22,金融,0
E0071,2000-08-29,2023-09-30,2310476.92,437793.87,8405417.27,57562224.57,制造业,0
E0072,2005-08-03,2023-09-30,678706.09,752563.15,5654974.62,22513950.0,零售业,1
E0073,2007-09-25,2023-09-30,1008507.63,366557.21,6151675.42,25375175.78,金融,0
E0074,2020-07-27,2023-09-30,1267169.5,762024.94,16486403.81,30116813.16,建筑业,0
E0075,2007-02-25,2023-09-30,2140412.91,547066.46,15335102.82,24579934.04,金融,1
E0076,2019-04-12,2023-09-30,677154.77,373719.19,12049925.8,47584632.3,零售业,0
E0077,2003-09-25,2023-09-30,1915071.47,534839.68,5146583.31,18829592.42,金融,0
E0078,2017-01-26,2023-09-30,1207536.9,592298.69,7585854.15,26110366.62,零售业,0
E0079,2015-01-08,2023-09-30,812114.44,533141.95,16297933.03,20557519.636,零售业,1
E0080,2019-06-09,2023-09-30,1446766.16,276214.38,9538611.2,14246060.86,制造业,1
E0081,2004-01-18,2023-09-30,1302275.76,355705.65,28336598.77,35003918.524,科技,1
E0082,2020-10-17,2023-09-30,945919.97,410751.8,10817317.93,23799741.59,制造业,0
E0083,2006-12-31,2023-09-30,1236655.15,432643.77,9781706.92,20343644.47,零售业,0
E0084,2002-02-14,2023-09-30,1030829.69,532959.99,7613562.6,18311349.34,金融,0
E0085,2010-12-28,2023-09-30,1258469.6,466638.57,9499696.92,13762705.81,制造业,1
E0086,2000-02-04,2023-09-30,1567280.12,296379.7,8233856.73,23365187.78,制造业,0
E0087,2017-05-20,2023-09-30,2267994.97,495865.18,12661220.02,16193464.023999998,制造业,1
E0088,2008-08-18,2023-09-30,732980.08,531349.74,14336956.88,32737192.85,建筑业,0
E0089,2005-05-09,2023-09-30,2822725.17,523314.1,5998411.67,24964762.82,零售业,0
E0090,2004-05-04,2023-09-30,550820.84,611844.97,4567075.04,13483528.67,零售业,1
E0091,2010-10-18,2023-09-30,1131761.65,568170.4,3548009.55,21344750.07,金融,0
E0092,2020-09-07,2023-09-30,1521682.03,507754.85,11455673.45,17879000.72,金融,1
E0093,2008-05-31,2023-09-30,1345662.14,433198.05,5118217.01,27444320.59,零售业,0
E0094,2002-10-18,2023-09-30,937451.4,268797.0,3028429.43,41292034.84,科技,0
E0095,2009-06-23,2023-09-30,1106542.78,503271.7,10791715.37,13950058.443999998,金融,1
E0096,2007-02-26,2023-09-30,987369.51,470855.39,30907201.06,38088641.272,科技,1
E0097,2014-04-22,2023-09-30,950034.99,479967.49,8859178.02,22656262.95,制造业,0
E0098,2010-07-10,2023-09-30,1689327.09,301635.75,13514116.82,31595840.2,金融,0
E0099,2021-11-15,2023-09-30,1387211.53,319874.19,9257223.09,26305238.28,零售业,0
E0100,2004-02-09,2023-09-30,911490.24,606794.74,8457423.83,17880338.64,制造业,0
E0101,2013-02-19,2023-09-30,1723452.23,437194.5,14069758.17,21260860.94,零售业,1
E0102,2017-12-02,2023-09-30,1359897.39,542775.03,7685628.6,17568000.6,制造业,0
E0103,2018-10-26,2023-09-30,1664682.29,446187.93,10157228.29,37147344.85,制造业,0
E0104,2015-07-16,2023-09-30,1547036.21,446380.43,10436803.37,24361745.67,金融,0
E0105,2000-06-10,2023-09-30,863200.26,586240.35,6362645.28,51674566.49,制造业,0
E0106,2011-10-07,2023-09-30,961190.2,378960.24,14592542.59,23575902.66,零售业,1
E0107,2005-06-04,2023-09-30,1621589.57,455356.65,8141785.98,18194634.36,零售业,0
E0108,2002-09-22,2023-09-30,1535164.51,385122.76,6089809.88,13183996.2,制造业,0
E0109,2017-07-23,2023-09-30,1192591.66,388345.67,11620193.04,14944231.647999998,建筑业,1
E0110,2013-06-12,2023-09-30,1260388.99,403224.34,5670376.12,12817803.01,制造业,0
E0111,2009-02-24,2023-09-30,2004822.24,472900.43,9012207.26,26878859.96,零售业,0
E0112,2012-06-17,2023-09-30,949196.81,383224.18,8845686.54,29606071.29,零售业,0
E0113,2020-11-20,2023-09-30,1496798.35,644820.23,15293642.59,19352371.108,制造业,1
E0114,2010-05-26,2023-09-30,1109170.44,338276.14,11266554.5,34553359.03,制造业,0
E0115,2003-06-29,2023-09-30,1102319.9,418293.45,8775607.19,19910854.22,科技,0
E0116,2002-10-13,2023-09-30,1866378.99,387736.27,13374803.37,25615730.79,建筑业,0
E0117,2021-07-18,2023-09-30,1673062.84,682892.93,17807028.1,46033882.13,制造业,0
E0118,2017-08-18,2023-09-30,1665113.51,469285.42,11744612.15,34578260.26,科技,0
E0119,2021-08-10,2023-09-30,2027251.56,602928.18,8932227.04,21694899.41,科技,0
E0120,2018-10-16,2023-09-30,1212750.57,283319.89,4611583.66,16911816.04,金融,0
E0121,2021-09-03,2023-09-30,1579756.36,479315.86,5217052.62,10214040.38,零售业,0
E0122,2000-12-03,2023-09-30,1062243.03,577745.79,7628392.11,18116590.39,零售业,0
E0123,2002-05-28,2023-09-30,1369103.28,453470.36,6551757.54,22198780.31,零售业,0
E0124,2002-12-12,2023-09-30,1141601.64,609042.98,8093034.8,16274795.64,科技,0
E0125,2013-05-19,2023-09-30,1250180.36,378818.87,9141407.84,22919467.42,金融,0
E0126,2010-12-07,2023-09-30,1525850.95,675227.02,11580652.52,24909025.19,制造业,0
E0127,2017-05-31,2023-09-30,866928.45,881754.93,8578336.84,22077236.37,零售业,1
E0128,2013-04-21,2023-09-30,2777203.13,396784.44,11333242.98,18624695.4,建筑业,1
E0129,2017-05-02,2023-09-30,804191.78,387065.51,9177241.32,25840714.02,金融,0
E0130,2001-01-14,2023-09-30,739940.13,684206.7,3309364.44,28825652.48,建筑业,0
E0131,2001-05-07,2023-09-30,1911204.73,710604.75,5555685.1,15616527.54,金融,0
E0132,2019-09-26,2023-09-30,1650625.85,378186.22,8268438.4,42472737.26,零售业,0
E0133,2014-06-12,2023-09-30,1543630.9,390016.36,4853218.39,23220933.76,科技,0
E0134,2005-08-24,2023-09-30,1546242.27,406550.98,11994567.12,24337765.78,科技,0
E0135,2010-08-20,2023-09-30,1196727.48,295571.14,19103371.89,32065324.46,制造业,0
E0136,2000-03-05,2023-09-30,839950.51,335844.8,16344155.44,26516731.06,零售业,1
E0137,2007-01-12,2023-09-30,1239627.91,327341.02,7986622.92,35365759.12,科技,0
E0138,2014-12-16,2023-09-30,917249.98,351393.07,18724868.57,27094726.32,制造业,1
E0139,2014-05-15,2023-09-30,1776308.5,437833.74,9571818.14,18906664.75,金融,0
E0140,2005-07-20,2023-09-30,1133903.94,474617.46,7507829.85,27912953.16,科技,0
E0141,2007-05-19,2023-09-30,864408.83,704434.16,6539025.25,15286941.38,建筑业,0
E0142,2004-02-04,2023-09-30,1057529.05,327909.78,7638907.52,25226961.52,制造业,0
E0143,2019-10-18,2023-09-30,1418588.02,594393.43,7318468.12,23836009.6,制造业,0
E0144,2014-05-25,2023-09-30,959828.77,414904.37,9676473.75,22225553.8,科技,0
E0145,2015-05-20,2023-09-30,865542.57,435896.84,9628971.64,22944412.38,制造业,0
E0146,2018-06-11,2023-09-30,1325731.43,541688.21,8899654.47,11679585.364,科技,1
E0147,2001-01-26,2023-09-30,1326410.03,315900.76,11055837.03,19394693.14,金融,0
E0148,2015-11-12,2023-09-30,981878.38,496194.33,16116000.2,25068884.17,制造业,1
E0149,2012-05-11,2023-09-30,996081.82,465066.49,14285806.75,25749932.32,零售业,0
E0150,2017-08-11,2023-09-30,1319574.61,512848.31,4229316.76,16013296.14,零售业,0
E0151,2012-04-01,2023-09-30,673852.32,482506.94,2478191.04,40075796.69,零售业,0
E0152,2016-02-18,2023-09-30,684890.66,924113.37,14177403.55,18012884.26,建筑业,1
E0153,2009-10-01,2023-09-30,902227.79,365374.45,4486397.73,35597390.06,金融,0
E0154,2006-03-28,2023-09-30,1104188.4,377264.16,7941536.27,28656124.41,科技,0
E0155,2019-08-10,2023-09-30,1361861.44,366978.24,4950224.5,18652841.95,科技,0
E0156,2016-12-06,2023-09-30,2169793.34,374503.66,3609247.22,49137072.91,零售业,0
E0157,2008-06-26,2023-09-30,1694780.6,365413.13,11649005.44,14984775.36,建筑业,1
E0158,2017-03-10,2023-09-30,1128076.57,632038.1,12988534.7,34888285.42,科技,0
E0159,2000-07-19,2023-09-30,1193491.4,677490.81,6660764.33,36043349.59,科技,0
E0160,2016-04-25,2023-09-30,805314.57,372792.08,2432618.61,18471728.21,金融,0
E0161,2013-05-07,2023-09-30,1193731.59,344652.98,6762328.06,42160154.21,制造业,0
E0162,2019-05-14,2023-09-30,1071464.05,509622.06,10809133.21,21855898.43,金融,0
E0163,2008-07-01,2023-09-30,1368310.64,374869.44,4241994.92,27111741.34,制造业,0
E0164,2019-10-03,2023-09-30,863809.57,534923.78,9739301.51,26805797.2,零售业,0
E0165,2012-08-03,2023-09-30,1480275.25,470182.83,8818347.71,22891506.47,零售业,0
E0166,2006-09-20,2023-09-30,2220172.75,280765.97,11871436.16,33408579.94,建筑业,0
E0167,2009-12-24,2023-09-30,1151407.82,703801.45,9433617.38,33177931.14,金融,0
E0168,2016-01-04,2023-09-30,1412235.81,758246.12,5462764.45,12002040.21,科技,0
E0169,2002-03-15,2023-09-30,1584940.77,368119.68,16163816.47,40699896.08,科技,0
E0170,2017-02-02,2023-09-30,1024291.6,393835.87,8208946.99,12422292.57,科技,1
E0171,2007-06-24,2023-09-30,1315381.1,482029.03,8765619.3,36507142.4,建筑业,0
E0172,2016-05-27,2023-09-30,1208677.04,489107.23,5572565.07,37908353.5,零售业,0
E0173,2007-08-05,2023-09-30,1250520.52,539049.82,7119577.02,15612983.91,零售业,0
E0174,2004-04-19,2023-09-30,882748.92,808601.4,5709252.39,20494646.93,制造业,0
E0175,2013-11-04,2023-09-30,1214452.69,419540.7,8149987.65,15521211.54,金融,0
E0176,2021-08-24,2023-09-30,1467688.57,348192.52,20912429.23,26094915.076,科技,1
E0177,2018-07-01,2023-09-30,2148880.23,292495.4,4475145.52,21354782.69,零售业,0
E0178,2015-04-13,2023-09-30,1765083.1,355301.14,3965804.53,32994921.48,制造业,0
E0179,2007-05-14,2023-09-30,2845567.23,438038.42,18542670.8,40797179.15,金融,0
E0180,2010-07-07,2023-09-30,884750.51,757945.95,8003089.09,42214466.33,制造业,0
E0181,2002-10-25,2023-09-30,1704748.68,378782.19,6359521.08,19290682.96,科技,0
E0182,2020-03-21,2023-09-30,1294113.94,473135.16,14945971.31,22215732.13,建筑业,1
E0183,2001-05-17,2023-09-30,2887556.42,440239.04,6564534.98,12318647.43,零售业,0
E0184,2018-12-02,2023-09-30,870376.09,631919.94,22142399.48,27570879.376,制造业,1
E0185,2012-04-20,2023-09-30,859504.43,944187.2,12471579.03,35531871.96,科技,1
E0186,2002-05-20,2023-09-30,946231.89,377278.67,6962466.11,46095833.74,金融,0
E0187,2018-12-30,2023-09-30,514238.12,381997.05,26131553.97,32357864.764,零售业,1
E0188,2012-04-15,2023-09-30,974517.73,605160.06,6564208.79,19058319.75,建筑业,0
E0189,2000-07-25,2023-09-30,887662.55,542838.67,12878215.05,23901163.49,制造业,0
E0190,2014-01-21,2023-09-30,1277170.34,769897.14,10320536.37,27019367.01,零售业,0
E0191,2016-05-13,2023-09-30,1378770.05,527117.34,17036533.83,21443840.595999997,科技,1
E0192,2021-02-20,2023-09-30,2547105.91,397206.82,19399456.31,28620231.41,金融,1
E0193,2019-04-06,2023-09-30,1758847.87,528182.13,9029450.53,19984434.65,制造业,0
E0194,2004-01-24,2023-09-30,954782.21,616991.84,6096900.38,24015718.02,金融,0
E0195,2021-07-07,2023-09-30,839560.76,565884.15,11183903.01,30054221.73,科技,0
E0196,2021-03-13,2023-09-30,1464124.0,515133.93,6332098.88,24217084.37,零售业,0
E0197,2002-05-13,2023-09-30,709209.83,609261.23,24317179.26,30180615.112,制造业,1
E0198,2007-08-22,2023-09-30,2501956.31,628309.83,9513930.64,23118785.69,金融,0
E0199,2020-04-13,2023-09-30,1927580.31,669741.9,7402580.58,23316103.48,制造业,0
E0200,2001-07-17,2023-09-30,996824.23,537461.8,9745733.46,20831890.93,零售业,0
E0201,2014-01-03,2023-09-30,606067.22,420779.65,4530925.84,21779540.44,制造业,0
E0202,2011-06-23,2023-09-30,2066876.21,462320.71,5466739.79,45784623.82,金融,0
E0203,2016-06-24,2023-09-30,1148748.98,635363.59,16194900.29,30230677.54,科技,0
E0204,2004-10-23,2023-09-30,1973119.84,346251.03,6398363.81,21462287.28,金融,0
E0205,2018-02-23,2023-09-30,635539.13,494153.75,5264751.52,31921226.75,制造业,0
E0206,2020-09-26,2023-09-30,946238.56,393170.39,11621023.38,21135659.68,科技,0
E0207,2017-06-14,2023-09-30,1205129.37,446245.02,16076225.75,38618803.57,科技,0
E0208,2018-11-14,2023-09-30,1225417.59,649225.61,12730059.64,28003970.93,金融,0
E0209,2004-08-05,2023-09-30,1004473.23,468517.96,14621795.89,23140135.66,建筑业,1
E0210,2008-11-16,2023-09-30,1542847.01,448619.77,6086613.78,28892331.46,制造业,0
E0211,2012-09-10,2023-09-30,784617.67,294208.26,4364851.24,12885968.18,科技,0
E0212,2002-11-25,2023-09-30,1136027.64,553421.98,18824444.56,23589333.472,制造业,1
E0213,2018-04-04,2023-09-30,1261886.34,536941.94,7562104.49,14983048.16,零售业,0
E0214,2014-06-15,2023-09-30,1477372.21,846593.91,7838699.45,25576313.77,制造业,0
E0215,2004-09-18,2023-09-30,1598611.43,403392.99,17263363.05,48303085.56,零售业,0
E0216,2009-01-27,2023-09-30,766924.13,472477.35,11735335.83,58968859.56,零售业,0
E0217,2008-08-23,2023-09-30,651058.21,476782.22,11161086.71,31177911.6,科技,0
E0218,2016-03-12,2023-09-30,2004831.81,710153.19,26232277.4,32478732.879999995,零售业,1
E0219,2007-03-10,2023-09-30,1373572.55,429944.47,6441299.64,11752504.28,科技,0
E0220,2007-06-22,2023-09-30,891450.67,481040.36,14131544.63,19441693.75,零售业,1
E0221,2018-05-06,2023-09-30,2236585.19,530921.23,9143068.07,17626015.1,制造业,0
E0222,2004-05-16,2023-09-30,1259556.02,467887.3,10163324.28,18843167.9,金融,0
E0223,2008-05-18,2023-09-30,1927470.1,386957.41,19081583.5,23897900.2,制造业,1
E0224,2007-05-17,2023-09-30,1235526.05,468938.54,11454782.41,19998418.81,零售业,0
E0225,2013-05-23,2023-09-30,2742277.04,610534.16,11630575.87,14956691.043999998,科技,1
E0226,2014-02-03,2023-09-30,2426926.83,325151.14,15191607.1,32578532.02,零售业,0
E0227,2015-09-18,2023-09-30,1088612.32,460418.39,7403945.82,15727208.4,制造业,0
E0228,2009-12-06,2023-09-30,1773788.8,358600.33,5840898.33,26580774.4,零售业,0
E0229,2003-09-25,2023-09-30,1556811.5,633182.51,5270287.13,55374683.34,建筑业,0
E0230,2021-10-22,2023-09-30,2079114.46,280139.77,3324472.94,16722173.7,科技,0
E0231,2005-06-04,2023-09-30,817519.98,374116.84,24843421.94,30812106.328,科技,1
E0232,2014-12-03,2023-09-30,1582348.33,495421.19,5118621.98,21543793.13,科技,0
E0233,2004-07-21,2023-09-30,1836495.69,707616.25,7955492.97,37519968.93,制造业,0
E0234,2004-03-09,2023-09-30,595111.59,433772.26,7737532.14,52869595.73,零售业,0
E0235,2005-07-31,2023-09-30,749151.56,374534.85,10362492.44,14771056.21,金融,1
E0236,2020-07-29,2023-09-30,531951.25,777895.22,13361240.94,29463998.59,制造业,1
E0237,2015-04-24,2023-09-30,1079746.95,286529.23,13663474.62,20052729.1,制造业,1
E0238,2009-01-15,2023-09-30,1602406.15,228743.88,6638929.45,23152669.81,制造业,0
E0239,2006-02-15,2023-09-30,2193354.84,504843.79,8173756.42,69562580.12,零售业,0
E0240,2020-03-28,2023-09-30,1238780.41,380554.14,10234654.04,13281584.848,建筑业,1
E0241,2015-01-26,2023-09-30,2306971.58,325666.83,7847098.76,26735313.82,制造业,0
E0242,2015-01-18,2023-09-30,692427.91,547165.69,19849170.74,29124120.4,零售业,1
E0243,2003-07-30,2023-09-30,608436.01,475984.33,11358619.9,37292937.74,制造业,0
E0244,2011-01-12,2023-09-30,1176178.19,373538.52,12831824.0,25120461.25,建筑业,0
E0245,2018-07-21,2023-09-30,1402302.63,301314.15,12378116.02,27322475.94,制造业,0
E0246,2007-04-29,2023-09-30,1186979.14,574776.87,15978217.22,20652368.6,零售业,1
E0247,2013-11-16,2023-09-30,525982.47,537702.31,9727921.17,26900374.77,科技,1
E0248,2016-01-21,2023-09-30,1160488.95,429444.26,4646310.52,21056568.03,科技,0
E0249,2003-07-06,2023-09-30,713695.87,769880.89,10851826.62,30973072.5,零售业,1
E0250,2020-08-09,2023-09-30,1572015.35,320928.8,6416103.46,20835230.08,零售业,0
E0251,2001-12-10,2023-09-30,1392539.06,279943.32,6822193.86,28087639.37,零售业,0
E0252,2015-04-07,2023-09-30,825750.61,359484.95,11913490.95,23873864.3,制造业,0
E0253,2015-02-21,2023-09-30,979162.83,436404.22,16504465.45,37898424.54,制造业,0
E0254,2012-12-27,2023-09-30,787260.59,475918.47,8981125.7,23663456.84,零售业,0
E0255,2012-01-31,2023-09-30,1172827.86,411526.7,10369885.16,13443862.192,制造业,1
E0256,2010-04-06,2023-09-30,1762170.65,491696.34,20813398.01,40015146.4,制造业,0
E0257,2020-03-28,2023-09-30,810745.59,303925.59,10022835.42,16813741.89,科技,0
E0258,2021-11-12,2023-09-30,1471243.63,682234.95,32633226.89,40159872.268,建筑业,1
E0259,2014-08-28,2023-09-30,972764.17,431643.22,11789912.17,19033963.28,科技,1
E0260,2013-01-31,2023-09-30,875763.07,618584.29,3684401.37,41857235.75,制造业,0
E0261,2001-10-25,2023-09-30,1152204.77,490322.0,12950834.84,16541001.807999998,制造业,1
E0262,2005-06-21,2023-09-30,794845.53,507385.31,10751751.1,84740094.09,建筑业,0
E0263,2021-11-20,2023-09-30,963704.78,524882.75,16934717.74,36852083.82,制造业,0
E0264,2009-06-07,2023-09-30,744783.49,506010.43,12442028.26,26411116.67,制造业,0
E0265,2010-04-01,2023-09-30,2638945.74,536497.31,8291753.36,23630348.56,科技,0
E0266,2015-09-06,2023-09-30,1219687.72,659175.94,4817910.48,27077715.19,科技,0
E0267,2004-02-04,2023-09-30,909008.57,469280.69,8004291.32,29753251.3,科技,0
E0268,2009-01-17,2023-09-30,1310071.09,547271.95,5807958.98,31267389.22,制造业,0
E0269,2010-04-21,2023-09-30,1149765.75,430662.2,6647412.74,30166475.6,制造业,0
E0270,2014-04-29,2023-09-30,1100870.91,681488.85,11926688.79,25036173.39,建筑业,0
E0271,2005-01-27,2023-09-30,1537497.54,361162.15,20479854.47,25575825.363999996,制造业,1
E0272,2015-05-18,2023-09-30,1628228.36,759398.64,10824642.06,22736694.76,科技,0
E0273,2018-01-11,2023-09-30,972669.41,437115.44,4886849.94,22343291.73,科技,0
E0274,2012-10-03,2023-09-30,955196.83,288014.89,11098287.05,38015633.42,科技,0
E0275,2003-07-15,2023-09-30,1077311.69,459746.87,16164301.27,30627923.67,零售业,0
E0276,2009-10-21,2023-09-30,478892.55,360657.67,6550870.82,8861044.984000001,制造业,1
E0277,2021-10-31,2023-09-30,656004.92,569317.22,8310176.59,31401314.42,科技,0
E0278,2009-06-19,2023-09-30,2077653.54,363746.62,8951611.21,26111711.23,金融,0
E0279,2020-09-06,2023-09-30,2322110.63,386986.45,6001685.13,23974863.79,建筑业,0
E0280,2019-12-07,2023-09-30,1088581.01,250982.32,12288079.66,20678242.51,制造业,0
E0281,2004-06-24,2023-09-30,1514540.7,386276.26,8364657.32,37869064.17,制造业,0
E0282,2010-02-13,2023-09-30,1362048.07,213808.54,10960037.07,35286484.91,建筑业,0
E0283,2008-03-18,2023-09-30,4120777.11,275083.28,5701580.14,17731422.98,科技,0
E0284,2008-08-18,2023-09-30,1881970.58,555778.1,7140339.27,28426174.47,金融,0
E0285,2001-11-29,2023-09-30,1142618.33,560026.87,12751897.97,16376162.12,制造业,1
E0286,2005-11-30,2023-09-30,820594.06,502643.91,7374830.11,13910475.32,科技,0
E0287,2011-03-21,2023-09-30,632491.13,331011.09,21072552.57,26287063.084,科技,1
E0288,2012-12-20,2023-09-30,1304571.84,436126.05,7276655.51,34105096.51,科技,0
E0289,2017-06-03,2023-09-30,888650.86,441935.51,9942632.3,35365595.19,零售业,0
E0290,2015-07-26,2023-09-30,680850.83,312540.89,14165151.92,29657754.03,制造业,0
E0291,2002-05-04,2023-09-30,928541.96,694550.04,4372376.03,32282579.71,科技,0
E0292,2016-01-12,2023-09-30,780258.69,575623.27,3684316.53,29694467.73,制造业,0
E0293,2020-03-28,2023-09-30,2361615.92,414037.05,4143999.09,18688284.01,零售业,0
E0294,2017-11-15,2023-09-30,1711115.24,445996.22,16706226.49,28710372.25,建筑业,0
E0295,2009-07-06,2023-09-30,1198775.22,470953.59,6743373.84,33269905.58,零售业,0
E0296,2015-10-06,2023-09-30,2173778.93,239780.58,31931375.51,39317650.612,金融,1
E0297,2014-05-16,2023-09-30,1240403.54,410793.85,6701729.6,38863472.17,制造业,0
E0298,2014-02-28,2023-09-30,852123.13,360556.78,9745104.86,32066471.44,科技,0
E0299,2004-09-03,2023-09-30,2211650.51,327588.65,19212179.34,27800909.2,建筑业,1
E0300,2007-08-09,2023-09-30,1491904.45,406634.45,24228651.67,37060419.39,制造业,1
E0301,2015-11-09,2023-09-30,794208.69,758657.69,24909300.07,30891160.084,制造业,1
E0302,2004-09-29,2023-09-30,1114442.16,536194.83,16259422.02,20511306.424,零售业,1
E0303,2015-02-26,2023-09-30,847251.36,372743.69,14828050.71,22629687.64,制造业,1
E0304,2017-06-30,2023-09-30,691680.97,525326.28,11950258.58,17930952.05,科技,1
E0305,2013-07-02,2023-09-30,1741872.11,673205.98,13113863.85,18438080.75,建筑业,1
E0306,2009-08-11,2023-09-30,2581204.37,583844.59,6745641.44,22798208.85,零售业,0
E0307,2000-07-21,2023-09-30,687332.18,450398.99,5902582.7,17593358.51,制造业,0
E0308,2008-11-29,2023-09-30,1506331.37,364367.76,8871130.26,21355404.17,零售业,0
E0309,2011-07-20,2023-09-30,927031.64,545504.86,8161248.26,11325349.99,科技,1
E0310,2012-04-23,2023-09-30,989692.78,497845.77,7084259.97,26306259.77,制造业,0
E0311,2002-02-05,2023-09-30,948884.56,578710.69,12587234.5,24166602.84,科技,0
E0312,2012-01-07,2023-09-30,851201.1,535283.37,14326945.23,18192334.276,科技,1
E0313,2006-05-16,2023-09-30,1226173.19,606139.73,9287718.03,31443356.14,科技,0
E0314,2008-01-10,2023-09-30,862525.47,376784.78,18601728.05,35146234.89,制造业,0
E0315,2021-04-17,2023-09-30,1340003.43,656854.77,5021079.17,12698266.6,科技,0
E0316,2000-07-16,2023-09-30,1178678.86,469432.54,8066016.26,17803579.46,制造业,0
E0317,2019-07-05,2023-09-30,1092982.53,824537.8,6209486.99,17757935.78,制造业,0
E0318,2005-04-14,2023-09-30,836493.92,359778.43,3494607.74,16585489.75,金融,0
E0319,2009-10-22,2023-09-30,954832.74,744739.03,8526245.39,33658962.95,科技,0
E0320,2018-11-17,2023-09-30,1626850.49,469476.36,8361314.8,22352965.27,制造业,0
E0321,2017-03-19,2023-09-30,1469403.18,363878.25,18938830.03,23726596.036000002,制造业,1
E0322,2001-08-31,2023-09-30,813399.7,382634.02,12181218.33,15617461.996,制造业,1
E0323,2008-12-16,2023-09-30,1251349.24,401874.77,5324911.17,31145091.42,制造业,0
E0324,2003-02-21,2023-09-30,1624246.95,502449.18,22455503.42,27946604.104000002,制造业,1
E0325,2011-09-22,2023-09-30,616761.63,517544.43,16362731.67,24741017.51,制造业,1
E0326,2009-04-20,2023-09-30,1494562.5,372461.89,11888104.68,26989292.61,零售业,0
E0327,2006-11-16,2023-09-30,922599.49,439192.73,7934714.65,41627161.73,科技,0
E0328,2020-07-30,2023-09-30,1510935.37,841281.08,5500119.52,14310038.48,科技,0
E0329,2004-11-29,2023-09-30,886198.58,742860.05,7377140.18,9852568.216,科技,1
E0330,2001-10-21,2023-09-30,584228.33,504285.12,15315474.95,25998250.83,制造业,0
E0331,2007-09-12,2023-09-30,627176.34,447486.23,22800502.95,49634885.08,建筑业,0
E0332,2019-06-08,2023-09-30,1225959.03,458634.74,19223071.65,39649089.45,金融,0
E0333,2016-07-26,2023-09-30,1334262.15,531817.36,6959201.43,26268045.7,金融,0
E0334,2017-12-03,2023-09-30,837581.08,325514.48,5076797.89,19842675.92,金融,0
E0335,2003-10-01,2023-09-30,1552592.98,409538.85,9534650.32,33359362.94,建筑业,0
E0336,2005-06-09,2023-09-30,618710.02,268182.98,3670286.63,16363789.92,零售业,0
E0337,2015-06-01,2023-09-30,1171233.57,498703.46,10444476.76,29225235.04,制造业,0
E0338,2000-05-26,2023-09-30,740879.68,537217.75,8253919.26,29567550.87,科技,0
E0339,2008-10-24,2023-09-30,926589.16,382714.31,7039035.73,36913354.83,科技,0
E0340,2007-12-21,2023-09-30,1225622.54,709415.04,4003375.61,72846424.97,科技,0
E0341,2004-09-30,2023-09-30,852420.01,306284.69,11487844.72,28260238.84,零售业,0
E0342,2005-01-17,2023-09-30,1031142.31,285126.3,6808276.62,19705622.32,制造业,0
E0343,2001-05-03,2023-09-30,1798596.37,473229.4,4950710.12,23909113.81,零售业,0
E0344,2008-02-24,2023-09-30,954786.71,605693.58,2113527.46,11903816.7,建筑业,0
E0345,2005-05-13,2023-09-30,1679953.79,733203.31,8764697.36,18294568.08,科技,0
E0346,2015-10-08,2023-09-30,765371.99,385514.75,21555160.2,26866192.24,零售业,1
E0347,2018-04-30,2023-09-30,1486480.3,611459.65,20391518.39,25469822.068,制造业,1
E0348,2006-07-13,2023-09-30,2140665.77,437331.8,7070571.52,25672782.68,零售业,0
E0349,2007-12-29,2023-09-30,447459.9,420084.77,6575715.62,17383499.8,金融,0
E0350,2012-12-19,2023-09-30,874355.13,576711.82,11233232.47,37822407.16,科技,0
E0351,2004-12-07,2023-09-30,1514852.83,538044.67,5394051.23,24156953.49,金融,0
E0352,2018-02-11,2023-09-30,1108792.17,275703.79,10333441.59,24065260.16,零售业,0
E0353,2016-08-09,2023-09-30,1395074.46,688976.27,13033586.22,21185808.68,科技,1
E0354,2017-03-26,2023-09-30,944495.24,669326.6,16411069.13,25701920.47,制造业,1
E0355,2015-02-25,2023-09-30,1244987.33,366711.67,8452078.64,33600090.08,科技,0
E0356,2011-02-13,2023-09-30,1130001.03,498192.12,8025729.49,17075374.81,零售业,0
E0357,2009-03-23,2023-09-30,1918612.5,513091.29,5728754.54,18564345.76,零售业,0
E0358,2015-09-09,2023-09-30,1331435.63,478399.83,5877016.68,21391615.16,科技,0
E0359,2000-09-19,2023-09-30,1376481.36,375085.19,7934735.31,14099524.49,建筑业,0
E0360,2016-02-09,2023-09-30,1019934.75,361679.23,10677857.4,17405500.87,制造业,1
E0361,2017-03-19,2023-09-30,989502.44,439034.72,14031176.62,19965406.33,金融,1
E0362,2017-10-07,2023-09-30,1011532.16,628957.34,5947077.76,34269135.67,制造业,0
E0363,2001-09-15,2023-09-30,1408140.87,520778.48,18743250.73,26829820.49,零售业,1
E0364,2002-10-13,2023-09-30,1016225.88,395859.92,7759575.6,26099741.41,制造业,0
E0365,2009-12-22,2023-09-30,1350398.03,557662.72,8791679.78,33948634.32,零售业,0
E0366,2013-08-16,2023-09-30,2758397.13,188233.26,6115849.02,22863476.55,零售业,0
E0367,2005-08-11,2023-09-30,1703933.37,624451.98,2644201.98,28238191.83,制造业,0
E0368,2019-04-11,2023-09-30,1055569.08,262520.87,13825464.43,23177934.82,零售业,0
E0369,2014-11-06,2023-09-30,1944441.93,396831.77,12844444.59,26859897.68,建筑业,0
E0370,2017-07-07,2023-09-30,1021486.88,316190.14,7720087.23,19132452.54,制造业,0
E0371,2010-03-12,2023-09-30,532186.99,300017.34,9188794.94,12026553.928,金融,1
E0372,2012-06-14,2023-09-30,803526.53,626715.54,11501288.25,22891777.32,零售业,0
E0373,2008-07-05,2023-09-30,569027.04,384496.37,4068264.57,42673951.39,科技,0
E0374,2014-06-15,2023-09-30,1044861.19,490878.13,6820706.8,34986966.38,制造业,0
E0375,2011-03-14,2023-09-30,1211497.01,436229.53,13218558.4,35539630.85,制造业,0
E0376,2019-08-07,2023-09-30,2351525.74,510482.81,4746202.05,39604459.71,制造业,0
E0377,2005-08-18,2023-09-30,1370616.16,452727.9,10290986.43,25026930.83,制造业,0
E0378,2020-04-05,2023-09-30,1101694.26,301071.28,4509555.27,26138667.33,制造业,0
E0379,2008-09-05,2023-09-30,1675734.66,596527.16,11220073.3,18867270.17,科技,0
E0380,2004-08-09,2023-09-30,496602.84,381502.63,8729156.12,21286228.19,金融,0
E0381,2019-01-20,2023-09-30,1321457.46,277347.2,3962691.77,30901289.11,金融,0
E0382,2006-03-05,2023-09-30,1636951.25,389089.8,15908588.48,39096901.44,科技,0
E0383,2003-02-28,2023-09-30,665680.76,694000.48,6154562.36,22844512.42,制造业,1
E0384,2012-04-26,2023-09-30,1900260.65,570955.48,5926081.63,20174385.11,制造业,0
E0385,2017-03-27,2023-09-30,1376973.54,398476.72,9823466.27,24160054.42,零售业,0
E0386,2016-12-19,2023-09-30,1018544.12,398404.34,15781022.6,30721788.98,制造业,0
E0387,2008-09-26,2023-09-30,1548988.58,401719.55,5347229.27,13557603.25,零售业,0
E0388,2004-08-23,2023-09-30,2982514.05,824905.73,9164427.07,11997312.484,零售业,1
E0389,2010-12-05,2023-09-30,1293350.25,496123.73,11011032.14,19380641.41,零售业,0
E0390,2012-12-06,2023-09-30,1328137.62,503335.64,12566596.79,16079916.147999998,零售业,1
E0391,2012-10-26,2023-09-30,1000745.36,602645.88,9705669.7,19712113.85,金融,0
E0392,2004-07-06,2023-09-30,856031.33,475269.24,7396267.81,22768484.35,金融,0
E0393,2015-03-02,2023-09-30,1676358.31,409334.26,5874931.1,20149713.67,零售业,0
E0394,2003-12-16,2023-09-30,853897.52,417105.74,9277214.9,43184276.36,建筑业,0
E0395,2011-07-01,2023-09-30,1237528.12,433011.52,5198758.96,27527550.73,建筑业,0
E0396,2010-09-28,2023-09-30,993448.02,437500.59,2062284.19,27239801.27,零售业,0
E0397,2000-09-10,2023-09-30,1456565.65,550338.52,11053745.66,30980943.81,零售业,0
E0398,2020-03-30,2023-09-30,1374313.43,449361.86,13963640.76,17756368.912,零售业,1
E0399,2008-09-18,2023-09-30,1821217.84,551166.39,2726512.24,36603144.68,建筑业,0
E0400,2007-01-01,2023-09-30,980672.11,431829.03,5363539.38,23433900.83,金融,0
E0401,2015-04-24,2023-09-30,1079544.8,452974.25,12110424.04,31584979.93,制造业,0
E0402,2000-04-08,2023-09-30,813006.61,242932.72,24859430.48,30831316.576,零售业,1
E0403,2006-01-09,2023-09-30,1006795.12,582391.57,8978980.05,12974500.56,科技,1
E0404,2016-05-16,2023-09-30,1398513.15,490875.86,6174870.88,33503345.69,零售业,0
E0405,2008-02-09,2023-09-30,1627890.31,596839.21,8109540.61,28079878.51,制造业,0
E0406,2016-06-20,2023-09-30,831622.48,185558.11,17671049.02,22205258.823999997,金融,1
E0407,2013-08-13,2023-09-30,1702898.52,827788.04,6433426.91,17058083.71,科技,0
E0408,2012-02-20,2023-09-30,2068336.34,424269.06,5958944.92,37889095.61,金融,0
E0409,2010-05-05,2023-09-30,1418873.72,616895.45,6980479.99,15010120.67,金融,0
E0410,2007-11-09,2023-09-30,2547742.74,323847.57,5516949.82,46598046.67,科技,0
E0411,2008-11-08,2023-09-30,882473.75,531698.66,9448203.33,16848154.88,零售业,0
E0412,2010-05-19,2023-09-30,730977.62,322537.71,20021939.98,31182162.37,科技,1
E0413,2002-08-14,2023-09-30,590374.23,366909.06,10444014.91,21179676.19,制造业,0
E0414,2015-11-18,2023-09-30,2187823.4,785605.0,7832742.4,30746138.66,科技,0
E0415,2011-02-19,2023-09-30,1562419.69,417815.52,7679725.52,19430496.98,制造业,0
E0416,2000-06-09,2023-09-30,1176160.8,472233.98,4066952.87,22632168.51,科技,0
E0417,2015-08-09,2023-09-30,1345111.48,574364.98,13818998.26,24553566.34,制造业,0
E0418,2019-01-05,2023-09-30,766664.36,513345.59,8546918.8,16177387.92,制造业,0
E0419,2012-04-20,2023-09-30,3198846.37,462834.9,8119344.99,32486323.33,制造业,0
E0420,2003-07-24,2023-09-30,1266399.6,493603.73,43861775.62,53634130.743999995,制造业,1
E0421,2013-06-12,2023-09-30,1256396.07,909840.58,10317751.89,22044198.84,科技,0
E0422,2010-12-01,2023-09-30,1607686.34,434831.71,6101861.67,16228187.38,科技,0
E0423,2004-03-07,2023-09-30,1457748.52,469925.62,7180080.85,9616097.02,零售业,1
E0424,2016-06-20,2023-09-30,1315271.43,606340.09,15779510.53,22378000.08,制造业,1
E0425,2015-02-02,2023-09-30,876603.64,616403.94,9403901.41,63404549.06,制造业,0
E0426,2014-05-21,2023-09-30,1452195.84,631661.6,4329060.11,33060233.56,制造业,0
E0427,2003-05-03,2023-09-30,2553076.85,535855.1,14070830.69,23969574.34,制造业,0
E0428,2012-04-23,2023-09-30,2059900.05,313984.38,6362474.66,21743896.78,金融,0
E0429,2012-12-18,2023-09-30,2274508.74,722179.83,22672173.38,28206608.055999998,制造业,1
E0430,2008-07-01,2023-09-30,980201.78,313669.88,15248993.1,30064259.92,零售业,0
E0431,2007-06-28,2023-09-30,809488.68,484460.24,7105211.25,15061838.84,制造业,0
E0432,2012-06-21,2023-09-30,1143592.56,352821.4,16860904.91,37721043.43,制造业,0
E0433,2002-08-12,2023-09-30,1229711.28,433982.07,9192769.01,32157379.84,零售业,0
E0434,2012-07-01,2023-09-30,1862958.94,488272.4,13610972.65,32193473.07,科技,0
E0435,2009-06-08,2023-09-30,611098.93,487188.88,11323224.14,28785728.83,制造业,0
E0436,2002-11-11,2023-09-30,2217342.86,502110.87,5820063.16,24345234.09,制造业,0
E0437,2018-11-15,2023-09-30,1128948.06,717919.97,6441197.86,31615070.97,零售业,0
E0438,2004-08-20,2023-09-30,1013831.8,506895.57,14871845.34,30606582.36,制造业,0
E0439,2016-12-03,2023-09-30,802236.11,411166.29,7516508.81,20965393.66,制造业,0
E0440,2017-06-13,2023-09-30,620361.3,590796.05,7262072.17,19202658.5,建筑业,0
E0441,2009-05-29,2023-09-30,1671560.59,632124.18,5512003.41,25159409.46,科技,0
E0442,2001-07-16,2023-09-30,1238395.55,306115.47,10982344.91,44884723.48,科技,0
E0443,2006-10-21,2023-09-30,717849.8,529252.03,24922023.78,30906428.536000002,零售业,1
E0444,2016-02-21,2023-09-30,716381.76,545987.75,5210745.76,13429843.21,零售业,0
E0445,2009-03-08,2023-09-30,1051455.68,404631.05,8994373.1,25800497.6,零售业,0
E0446,2016-11-22,2023-09-30,2344560.71,668446.77,18004103.78,24651666.95,科技,1
E0447,2000-08-13,2023-09-30,1083994.58,422939.04,8539212.12,25889205.55,科技,0
E0448,2020-05-19,2023-09-30,659174.0,459398.33,11141482.9,26630860.73,制造业,0
E0449,2013-05-25,2023-09-30,1090015.83,420028.76,5224152.99,22091845.09,零售业,0
E0450,2021-04-16,2023-09-30,1078315.41,444485.95,11008227.97,43835097.86,零售业,0
E0451,2017-08-06,2023-09-30,408907.95,318417.11,8092334.94,12732118.93,金融,1
E0452,2019-03-24,2023-09-30,1176767.76,287214.54,14546558.55,18455870.26,科技,1
E0453,2002-08-17,2023-09-30,1096491.6,713795.31,16089750.72,23177628.81,零售业,1
E0454,2015-05-02,2023-09-30,1588788.84,343146.1,32436076.09,39923291.308,制造业,1
E0455,2012-06-14,2023-09-30,2519528.75,328595.34,11873464.41,22514232.85,科技,0
E0456,2008-05-25,2023-09-30,1887240.02,231881.78,10458212.97,46949732.51,制造业,0
E0457,2021-11-22,2023-09-30,1079970.76,365240.56,9793134.64,24357602.96,零售业,0
E0458,2002-03-26,2023-09-30,772501.81,297471.31,7447707.71,26490066.25,制造业,0
E0459,2013-01-06,2023-09-30,3366364.45,724041.9,10524768.29,14591271.92,科技,1
E0460,2021-01-13,2023-09-30,1231430.89,598957.02,7665952.24,18877011.87,制造业,0
E0461,2012-09-16,2023-09-30,1209323.56,359890.43,9667018.43,20788727.44,零售业,0
E0462,2014-07-17,2023-09-30,1191054.93,869549.67,17172138.4,21606566.08,金融,1
E0463,2008-07-17,2023-09-30,1301768.01,593937.66,5372096.06,40332071.05,制造业,0
E0464,2021-01-09,2023-09-30,1135127.84,401334.52,15712062.39,30191664.2,零售业,0
E0465,2000-01-17,2023-09-30,956021.04,209018.55,17167996.39,21601595.668,零售业,1
E0466,2020-02-04,2023-09-30,966325.9,879652.98,8376709.52,26658054.92,制造业,0
E0467,2003-05-28,2023-09-30,1186951.36,291597.08,3075790.66,29481947.93,金融,0
E0468,2006-01-14,2023-09-30,967654.22,270054.85,6557296.82,38112757.07,制造业,0
E0469,2006-11-29,2023-09-30,904250.49,601253.02,16996147.75,45454222.32,零售业,0
E0470,2002-12-05,2023-09-30,1254907.08,919813.05,8785085.12,16094084.23,科技,0
E0471,2009-06-06,2023-09-30,1085997.1,670166.75,5391579.18,17464084.15,科技,0
E0472,2007-01-09,2023-09-30,2194790.59,523961.11,6904007.09,14606378.23,科技,0
E0473,2017-02-02,2023-09-30,416487.65,528832.12,13528511.96,21996459.28,制造业,1
E0474,2016-01-21,2023-09-30,1860959.44,571502.8,11679745.95,29108574.64,制造业,0
E0475,2002-11-26,2023-09-30,1979656.84,555530.38,7885482.36,35852856.7,科技,0
E0476,2006-05-16,2023-09-30,524732.51,481353.61,7397020.15,23432150.51,零售业,0
E0477,2009-05-13,2023-09-30,1048556.45,456461.82,7305374.92,21254113.07,金融,0
E0478,2018-03-07,2023-09-30,1036565.76,434183.29,5602900.16,25666653.98,金融,0
E0479,2000-10-28,2023-09-30,684877.54,352854.34,19929026.49,24914831.788,金融,1
E0480,2011-09-16,2023-09-30,881053.23,406686.33,7563463.4,55718093.39,零售业,0
E0481,2001-08-29,2023-09-30,771251.39,266229.22,16331058.14,20597269.768,零售业,1
E0482,2008-09-05,2023-09-30,2423948.01,429552.01,19013466.06,26007518.61,金融,1
E0483,2001-11-30,2023-09-30,1748504.41,328871.6,14638351.37,54267847.78,零售业,0
E0484,2013-12-06,2023-09-30,1999928.6,317719.18,7161212.32,24220742.15,制造业,0
E0485,2003-02-13,2023-09-30,1605055.39,466945.7,10873781.09,22386852.13,金融,0
E0486,2000-07-09,2023-09-30,765572.57,671722.57,8779255.76,20936860.65,金融,0
E0487,2006-04-19,2023-09-30,974999.16,582739.18,5655556.49,22473408.58,零售业,0
E0488,2002-09-07,2023-09-30,1462634.51,276191.52,10450701.27,41830629.4,制造业,0
E0489,2008-02-23,2023-09-30,737594.04,328769.3,4928178.99,9971636.15,零售业,1
E0490,2016-09-15,2023-09-30,1599496.38,586677.98,16092110.75,44605756.6,金融,0
E0491,2003-03-30,2023-09-30,1092380.53,329474.35,7044032.42,13665939.66,建筑业,0
E0492,2009-02-09,2023-09-30,1035165.29,413581.58,9826366.87,21711205.51,制造业,0
E0493,2009-04-17,2023-09-30,1598192.7,521787.47,10238277.35,20344114.86,制造业,0
E0494,2000-05-07,2023-09-30,1436478.69,330875.24,7807126.38,30566686.82,金融,0
E0495,2005-08-27,2023-09-30,1040917.96,456622.67,11915455.55,15298546.66,零售业,1
E0496,2004-12-21,2023-09-30,1912136.81,296496.99,7007896.7,29059879.41,零售业,0
E0497,2016-01-11,2023-09-30,780409.97,369383.14,13737620.49,54283118.82,建筑业,0
E0498,2018-05-15,2023-09-30,1538585.8,486958.69,4533524.18,14002275.33,制造业,0
E0499,2001-07-23,2023-09-30,1524596.74,274334.07,9465742.53,26059227.0,科技,0
E0500,2014-11-25,2023-09-30,1062549.14,504913.51,23428516.67,29114220.004,制造业,1
